"1","174",591.859542044888
"1","175",360.319114508434
"1","168",426.545639314616
"1","169",372.274831441525
"1","170",47.7169570084654
"1","171",150.79503110603
"1","180",356.755500869011
"1","181",192.081140755415
"1","182",509.806660493825
"1","183",35.0435299543912
"1","176",117.162640328314
"1","177",140.378142194738
"1","178",443.409618235854
"1","179",372.25809022589
"1","188",143.718147759238
"1","189",120.551545045234
"1","190",339.559568657123
"1","191",557.565535459567
"1","184",439.721791701296
"1","185",412.562329105746
"1","186",190.87971526129
"1","187",737.976699731032
"1","132",673.169412395678
"1","133",674.856454625478
"1","134",428.600047336402
"1","135",347.295062374415
"1","128",665.780241680762
"1","129",41.4199001749982
"1","130",375.288358364178
"1","131",248.412861015681
"1","140",520.37167816198
"1","141",37.2467779644867
"1","142",205.468333392596
"1","143",365.658183067677
"1","136",275.556775213474
"1","137",442.036731709938
"1","138",353.567196579102
"1","139",377.783205655828
"1","148",270.206175970037
"1","149",180.485702801002
"1","150",146.765107991567
"1","151",480.618356418838
"1","144",571.469451191593
"1","145",121.296802470368
"1","146",490.879815065976
"1","147",350.473902906363
"1","156",408.868706952238
"1","157",338.422132969054
"1","158",536.40633158912
"1","159",357.571294159191
"1","152",20.898314838237
"1","153",33.6126054075226
"1","154",551.162754736002
"1","155",381.295678540675
"1","196",668.394578682608
"1","192",382.21137813066
"1","193",538.40932740439
"1","194",518.037652632363
"1","195",359.376048597987
"1","36",374.559962963326
"1","37",560.98447261097
"1","38",438.255013466555
"1","39",452.594113356772
"1","32",570.609700656806
"1","33",386.413183362708
"1","34",625.428523268858
"1","35",642.000171757671
"1","44",124.825085355023
"1","45",695.874249447749
"1","46",687.453416067266
"1","47",102.955871483397
"1","40",400.374288888851
"1","41",421.838958170599
"1","42",464.170106893036
"1","43",125.706552251138
"1","52",401.843272570743
"1","53",414.536743594946
"1","54",599.242665322618
"1","55",355.318773620633
"1","48",401.432847405613
"1","49",362.392153360705
"1","50",352.840330954744
"1","51",113.784324389913
"1","60",555.285371198506
"1","61",700.709773704247
"1","62",246.73013954697
"1","63",404.428648181616
"1","56",32.1633699860259
"1","57",117.96858513931
"1","58",564.036571957677
"1","59",267.218510409237
"1","4",647.817531810447
"1","5",366.690518634763
"1","6",268.189172937037
"1","7",555.666685762935
"1","2",44.3267130906475
"1","3",368.999228070725
"1","12",442.507479386712
"1","13",653.73129978183
"1","14",477.867554777156
"1","15",147.702244103607
"1","8",50.5020725225126
"1","9",382.988913781781
"1","10",564.590084051334
"1","11",447.67814282356
"1","20",413.67875722643
"1","21",500.405814482495
"1","22",622.240586730584
"1","23",72.5390764532743
"1","16",349.616118776103
"1","17",372.701121641497
"1","18",474.122674129772
"1","19",258.906946399318
"1","28",543.177024506102
"1","29",404.872475218784
"1","30",630.87650187056
"1","31",442.428951238237
"1","24",59.2221225336817
"1","25",481.240989662084
"1","26",553.382921296356
"1","27",351.130338925806
"1","100",444.946471152289
"1","101",207.137368726128
"1","102",346.035217295025
"1","103",410.940813852768
"1","96",48.3290786702329
"1","97",353.244094605707
"1","98",445.325457845445
"1","99",369.71703673553
"1","108",373.35140877312
"1","109",353.670299232702
"1","110",52.8400882533527
"1","111",266.106264615604
"1","104",44.8560263334353
"1","105",665.713121642783
"1","106",671.779709014274
"1","107",346.888429651499
"1","116",539.636369795364
"1","117",422.585233006248
"1","118",121.925884347748
"1","119",447.559377280232
"1","112",647.090275877057
"1","113",611.35596523536
"1","114",698.610643223975
"1","115",687.660777721445
"1","124",375.374059982363
"1","125",301.416259977222
"1","126",301.766659507252
"1","127",142.57445601335
"1","120",485.7050246257
"1","121",542.160582254333
"1","122",560.742446494644
"1","123",197.908045913262
"1","68",164.975044743071
"1","69",239.069030635131
"1","70",637.639928430565
"1","71",405.390928058464
"1","64",661.029672388534
"1","65",504.451569208032
"1","66",363.408394157427
"1","67",434.762160470541
"1","76",468.796190418614
"1","77",380.742099321843
"1","78",378.381935804229
"1","79",379.781267046789
"1","72",433.40726659524
"1","73",670.832175730528
"1","74",428.433512623674
"1","75",352.505188691492
"1","84",354.677978139196
"1","85",403.150638289469
"1","86",57.5696391668903
"1","87",352.715259868692
"1","80",231.620672241757
"1","81",65.4628569410336
"1","82",637.412422771519
"1","83",382.27897559062
"1","92",259.521204950698
"1","93",372.653562605365
"1","94",110.427147148406
"1","95",62.0432980595147
"1","88",341.71514170647
"1","89",545.641679051784
"1","90",205.468333392514
"1","91",389.978939675481
"1","164",559.473789756211
"1","165",534.366983950394
"1","166",428.231766555686
"1","167",558.731895431121
"1","160",556.694540526915
"1","161",405.831664886605
"1","162",64.5270824976121
"1","163",431.386195039441
"1","172",672.586787638054
"1","173",484.578745886494
"2","174",551.54384793287
"2","175",381.782605055402
"2","168",391.05173959251
"2","169",372.685598524748
"2","170",6.10691509411326
"2","171",106.565847641007
"2","180",380.648188380164
"2","181",218.638058815054
"2","182",523.897138054395
"2","183",78.9696660519187
"2","176",153.939997224678
"2","177",96.0614905649028
"2","178",434.942845371839
"2","179",396.431280915898
"2","188",99.4082910137626
"2","189",128.111138020365
"2","190",322.346457951611
"2","191",568.075614498465
"2","184",430.216234221862
"2","185",370.840098350062
"2","186",201.342965372491
"2","187",758.629898323538
"2","132",691.684982821889
"2","133",636.498621456999
"2","134",387.874097073227
"2","135",368.985965162377
"2","128",683.458777616131
"2","129",14.1675790192098
"2","130",399.310304845385
"2","131",210.824064615458
"2","140",527.03184486019
"2","141",7.79654209305562
"2","142",191.691948260458
"2","143",389.933528888468
"2","136",300.436074902166
"2","137",432.756984960685
"2","138",376.985927492632
"2","139",399.404242291122
"2","148",240.471937053689
"2","149",161.565837704081
"2","150",113.705455805731
"2","151",438.990692374006
"2","144",536.870630141383
"2","145",155.584856245092
"2","146",454.378678204847
"2","147",308.49692981691
"2","156",399.810419027593
"2","157",294.158797357137
"2","158",502.516538972315
"2","159",379.243995710208
"2","152",65.1232664793526
"2","153",77.758617879556
"2","154",517.712066260284
"2","155",403.385247676366
"2","196",630.616999023336
"2","192",405.299102716704
"2","193",497.009206598107
"2","194",486.944921129941
"2","195",383.464501679857
"2","36",394.113162723165
"2","37",578.231332687128
"2","38",405.209352941441
"2","39",429.197134333023
"2","32",531.774131800854
"2","33",352.959558350269
"2","34",581.166154712184
"2","35",602.901937715882
"2","44",158.720010072358
"2","45",714.905265405028
"2","46",707.238635113494
"2","47",58.7110825469023
"2","40",422.419193955795
"2","41",412.267852230255
"2","42",482.348837803166
"2","43",82.1631026685499
"2","52",390.732108894419
"2","53",374.912053021208
"2","54",613.029504753753
"2","55",377.257744912352
"2","48",424.155907942883
"2","49",386.610185204053
"2","50",376.023417679925
"2","51",69.4595257630017
"2","60",572.555354527723
"2","61",662.510281791111
"2","62",204.859786577387
"2","63",397.78969145371
"2","56",75.1886130913421
"2","57",153.421767938387
"2","58",525.070116628639
"2","59",278.973658191507
"2","4",605.684161266277
"2","5",387.944778711461
"2","6",291.445464119442
"2","7",575.774770271626
"2","1",44.3267130907792
"2","3",393.258452930858
"2","12",434.361902206547
"2","13",673.070354162617
"2","14",450.732172405323
"2","15",103.596214382702
"2","8",9.38616954694582
"2","9",405.755041506924
"2","10",584.616693149386
"2","11",440.024948291149
"2","20",404.172035453929
"2","21",521.075384727503
"2","22",585.502955502169
"2","23",116.016005565151
"2","16",307.83111695605
"2","17",392.95093866844
"2","18",473.590401341625
"2","19",214.639001677419
"2","28",509.14082151652
"2","29",374.915408263088
"2","30",587.281108841784
"2","31",402.684993403635
"2","24",103.545921087909
"2","25",441.328112100586
"2","26",512.17073807792
"2","27",311.982008632328
"2","100",423.534621501326
"2","101",234.947811919522
"2","102",368.529397479022
"2","103",413.868408883367
"2","96",92.2855278563309
"2","97",374.172339016587
"2","98",434.389217369805
"2","99",390.976025332991
"2","108",394.162785102813
"2","109",375.919997118494
"2","110",94.3085944917537
"2","111",221.790545503418
"2","104",3.74381508439772
"2","105",684.973264590415
"2","106",689.997605077266
"2","107",359.192631179148
"2","116",496.247030223856
"2","117",378.32446755336
"2","118",77.9395997134576
"2","119",416.022258653862
"2","112",608.146674501952
"2","113",574.969460992401
"2","114",660.030854711322
"2","115",649.269862203003
"2","124",396.821187699452
"2","125",259.730497575437
"2","126",279.292931228115
"2","127",100.513005584315
"2","120",453.016209274727
"2","121",503.684145439743
"2","122",577.425321539714
"2","123",225.422082898154
"2","68",120.698023421455
"2","69",218.971247486063
"2","70",593.357717638048
"2","71",408.465613484867
"2","64",622.381001849681
"2","65",468.775482324081
"2","66",384.73057127587
"2","67",409.184984703934
"2","76",486.58131843263
"2","77",404.192625345456
"2","78",402.149994020079
"2","79",401.619547163152
"2","72",446.362505935503
"2","73",689.758253007828
"2","74",419.255408461297
"2","75",375.439577190606
"2","84",378.314098589192
"2","85",404.010469237333
"2","86",54.4167524945841
"2","87",375.302266636874
"2","80",221.622466420854
"2","81",107.547410082942
"2","82",593.144111670341
"2","83",404.6444263709
"2","92",243.055541198293
"2","93",393.97787596833
"2","94",68.1163048253561
"2","95",105.317927822629
"2","88",364.899402421493
"2","89",511.940107394237
"2","90",191.691948264659
"2","91",391.110739093797
"2","164",517.996424570752
"2","165",490.109556912767
"2","166",386.507117172945
"2","167",519.803192459766
"2","160",577.354955432498
"2","161",397.900025703361
"2","162",108.714495678409
"2","163",388.387806063998
"2","172",634.189028651943
"2","173",441.371841723911
"3","174",733.041621857538
"3","175",29.4603570420639
"3","168",540.998802270322
"3","169",211.959623276545
"3","170",390.85601851654
"3","171",457.911248756369
"3","180",12.9779570077914
"3","181",177.026480661647
"3","182",176.785364972923
"3","183",346.558198497704
"3","176",262.059314637591
"3","177",458.00992361142
"3","178",313.217135984801
"3","179",3.33944225637421
"3","188",456.384083618635
"3","189",272.534716259438
"3","190",337.398749003304
"3","191",239.968566750286
"3","184",319.882814045465
"3","185",606.609706610709
"3","186",207.376620989824
"3","187",370.84946272995
"3","132",310.822083841698
"3","133",776.035521483858
"3","134",604.54028802134
"3","135",34.0011682005732
"3","128",305.901733579567
"3","129",379.58699223358
"3","130",6.64616997416359
"3","131",448.981107387538
"3","140",237.515873142418
"3","141",386.633521601698
"3","142",300.320549490432
"3","143",3.34104531552672
"3","136",93.4431389103639
"3","137",319.233495963038
"3","138",17.9521562619856
"3","139",27.7862187795436
"3","148",401.426842285891
"3","149",326.408390204158
"3","150",384.357394452337
"3","151",660.230944535977
"3","144",641.735298875043
"3","145",253.082622124531
"3","146",599.910969089032
"3","147",562.429933960775
"3","156",301.161274699262
"3","157",604.954423426181
"3","158",605.950372986101
"3","159",28.5554468126678
"3","152",356.751057188832
"3","153",349.20128106202
"3","154",612.724575215267
"3","155",24.8739203486498
"3","196",762.421329807362
"3","192",17.5022355965418
"3","193",704.89386921001
"3","194",562.432635687812
"3","195",9.87290334170195
"3","36",46.8590435512103
"3","37",206.293842419039
"3","38",524.347816694234
"3","39",444.786342898421
"3","32",693.519132853925
"3","33",493.530026150689
"3","34",859.948893489
"3","35",758.040195263313
"3","44",249.225432138881
"3","45",331.973834779222
"3","46",322.070273327935
"3","47",433.722248020656
"3","40",38.1576791905736
"3","41",311.386850974101
"3","42",113.639912037501
"3","43",431.495874271762
"3","52",314.621937083564
"3","53",579.068853466345
"3","54",258.022705519769
"3","55",27.3054199102409
"3","48",35.6022274192557
"3","49",6.64891154006275
"3","50",19.8520567043166
"3","51",437.039694579774
"3","60",200.821831191519
"3","61",796.439978473792
"3","62",487.690153919822
"3","63",279.624628294748
"3","56",365.407366862597
"3","57",258.257514965916
"3","58",689.822264249115
"3","59",147.226274928024
"3","4",813.803767103562
"3","5",30.1938451632858
"3","6",101.854666875345
"3","7",191.457647418952
"3","1",368.999228071026
"3","2",393.258452930741
"3","12",310.075999509899
"3","13",289.666333606889
"3","14",495.172877317404
"3","15",452.773440547857
"3","8",402.643750110541
"3","9",20.3204781792266
"3","10",200.392514874516
"3","11",308.738402265916
"3","20",306.996050354196
"3","21",136.19337267766
"3","22",709.329882228158
"3","23",322.235903988929
"3","16",558.993352548129
"3","17",39.9877360304734
"3","18",264.37661631504
"3","19",540.268812009804
"3","28",612.869593722449
"3","29",473.136831921465
"3","30",834.053968974686
"3","31",602.013145973732
"3","24",343.746366365758
"3","25",634.999725832077
"3","26",714.49544539197
"3","27",527.323583407069
"3","100",422.807414544882
"3","101",162.943233665825
"3","102",29.4786965280486
"3","103",203.559655778895
"3","96",355.311170344684
"3","97",36.8989754219951
"3","98",334.75949202617
"3","99",30.0358072979692
"3","108",34.6419593709401
"3","109",25.7186102978301
"3","110",325.219890542906
"3","111",550.202315945963
"3","104",396.498988376633
"3","105",301.668296855247
"3","106",310.244034992053
"3","107",112.391481458843
"3","116",746.4853737519
"3","117",676.905563577638
"3","118",434.26505294704
"3","119",516.021603039305
"3","112",760.218450090768
"3","113",695.784869305246
"3","114",799.990340949181
"3","115",787.68917043128
"3","124",28.828569101132
"3","125",522.574815339505
"3","126",362.464804936714
"3","127",428.63991232794
"3","120",554.718802299354
"3","121",665.116515497312
"3","122",208.470632307329
"3","123",171.734917397782
"3","68",469.662057334558
"3","69",333.011669623078
"3","70",873.334394810625
"3","71",200.202332206401
"3","64",768.103610448709
"3","65",600.979583329119
"3","66",30.0079533354262
"3","67",452.801127963049
"3","76",119.836890645362
"3","77",14.1026449531346
"3","78",10.4645354470112
"3","79",26.4630601367114
"3","72",129.406258157287
"3","73",307.498175004152
"3","74",311.397485986875
"3","75",21.6301109702293
"3","84",15.9246091801732
"3","85",217.795964862975
"3","86",341.40456006767
"3","87",23.8234941627128
"3","80",277.832242391735
"3","81",318.378343633584
"3","82",871.62079174016
"3","83",23.0342968358192
"3","92",313.950741042736
"3","93",29.5823268942226
"3","94",414.690676712679
"3","95",326.624561324806
"3","88",29.7813482018686
"3","89",611.125462514633
"3","90",300.320549470161
"3","91",211.038032283309
"3","164",724.194160435003
"3","165",776.171110491107
"3","166",619.12920796142
"3","167",684.882027567239
"3","160",191.134693846075
"3","161",290.69435672
"3","162",334.915504871012
"3","163",644.535653285454
"3","172",774.617965044461
"3","173",694.05567676442
"4","174",87.0584826225269
"4","175",786.141996136575
"4","168",273.004048706916
"4","169",624.847161540006
"4","170",601.071919075742
"4","171",503.06326066984
"4","180",802.811807543676
"4","181",719.446618758958
"4","182",815.278537949757
"4","183",678.657939609453
"4","176",718.28821487882
"4","177",516.607747888863
"4","178",563.618487508936
"4","179",815.295682256676
"4","188",511.350227242245
"4","189",621.369311812098
"4","190",479.928724432829
"4","191",809.596014708313
"4","184",552.480414106432
"4","185",235.500524745709
"4","186",642.051569757343
"4","187",1053.65678987192
"4","132",978.02206131041
"4","133",136.805122851244
"4","134",223.215193588079
"4","135",779.840022969098
"4","128",963.01929360762
"4","129",606.406436505242
"4","130",816.108116725417
"4","131",407.695732249613
"4","140",747.654557801441
"4","141",611.563508036784
"4","142",534.067475064137
"4","143",811.701941925701
"4","136",758.605476621597
"4","137",555.224448984385
"4","138",797.057867324616
"4","139",798.391173237939
"4","148",424.49914348237
"4","149",524.363267503006
"4","150",510.402820021352
"4","151",168.005934182258
"4","144",222.702455863116
"4","145",711.073458788173
"4","146",219.161229783636
"4","147",297.344017426099
"4","156",550.937219931402
"4","157",331.556406528045
"4","158",242.936994007281
"4","159",786.060817885828
"4","152",666.913874197948
"4","153",678.343877512368
"4","154",247.579041764096
"4","155",804.435408636798
"4","196",151.003744814832
"4","192",813.146225433257
"4","193",112.633971432387
"4","194",292.939971762418
"4","195",806.063791948032
"4","36",779.791100802964
"4","37",881.368883165787
"4","38",294.218725959571
"4","39",404.935130532075
"4","32",133.265843325621
"4","33",320.277739138008
"4","34",162.254192176622
"4","35",109.013034395636
"4","44",711.836369897042
"4","45",1001.48346222557
"4","46",1003.39022454373
"4","47",552.274124616479
"4","40",816.529760674443
"4","41",548.347825584301
"4","42",824.493144899593
"4","43",523.937449731039
"4","52",530.968692248107
"4","53",243.547014990306
"4","54",871.954638730794
"4","55",786.719853990153
"4","48",822.919493870262
"4","49",809.077132207464
"4","50",794.768324635608
"4","51",540.07546542879
"4","60",877.591661336004
"4","61",151.237070814621
"4","62",401.087830104723
"4","63",572.26973428844
"4","56",679.907562889633
"4","57",713.473595248603
"4","58",133.766073762494
"4","59",671.598849656069
"4","5",788.46822848868
"4","6",743.783114167495
"4","7",906.713089225454
"4","1",647.817531810569
"4","2",605.684161266382
"4","3",813.803767103549
"4","12",566.582538702449
"4","13",972.182553668238
"4","14",355.901154188019
"4","15",504.769491350231
"4","8",602.853211037002
"4","9",811.039889382476
"4","10",912.418711174463
"4","11",572.764762398597
"4","20",547.551312039429
"4","21",872.54248904346
"4","22",171.890308551639
"4","23",710.538744607221
"4","16",298.269234859098
"4","17",784.219153600675
"4","18",652.563335729719
"4","19",402.953195587565
"4","28",238.697233392239
"4","29",344.827414660501
"4","30",84.5442531179587
"4","31",217.005687218823
"4","24",704.771440193818
"4","25",180.480912263257
"4","26",100.406180409478
"4","27",305.470354420169
"4","100",428.083288680403
"4","101",734.790342166696
"4","102",785.173259668397
"4","103",659.464619990233
"4","96",695.789640186987
"4","97",777.64102740479
"4","98",539.260105303987
"4","99",790.39751503041
"4","108",789.102560422087
"4","109",788.088383000656
"4","110",685.919151124135
"4","111",399.483911700998
"4","104",606.537357672265
"4","105",980.556401804052
"4","106",973.626090490026
"4","107",708.504373400084
"4","116",125.499669588386
"4","117",261.197127568446
"4","118",529.059695211756
"4","119",308.236187328625
"4","112",113.97457154609
"4","113",180.448620021531
"4","114",139.824318005961
"4","115",140.392414643584
"4","124",795.46195094338
"4","125",346.472594624738
"4","126",451.811867191736
"4","127",505.370725345009
"4","120",277.854937533167
"4","121",155.943786732761
"4","122",875.420540240743
"4","123",727.721153002392
"4","68",490.484659546698
"4","69",491.975234940205
"4","70",168.126913856514
"4","71",658.597098547845
"4","64",124.824967726456
"4","65",224.659601535386
"4","66",786.957825036716
"4","67",382.694566406212
"4","76",823.894482536912
"4","77",815.122606118103
"4","78",816.125374419675
"4","79",801.423660382224
"4","72",758.609690941209
"4","73",980.799280846711
"4","74",553.37520773373
"4","75",792.63434671305
"4","84",799.461666223395
"4","85",638.50183765202
"4","86",608.859201955258
"4","87",790.088614610105
"4","80",545.201950660679
"4","81",698.455785411677
"4","82",164.108323518352
"4","83",807.314376889441
"4","92",503.815238182326
"4","93",792.7613984486
"4","94",537.711069943158
"4","95",700.203070925752
"4","88",787.686756876394
"4","89",244.131995282306
"4","90",534.067475082577
"4","91",636.386354862536
"4","164",91.7546880981904
"4","165",186.167369913248
"4","166",219.873058592129
"4","167",137.477603681536
"4","160",913.074338721613
"4","161",560.779575802453
"4","162",707.509752146943
"4","163",219.794410417923
"4","172",134.987107038032
"4","173",170.89230854644
"5","174",707.043493574037
"5","175",6.59075688503973
"5","168",515.487777447826
"5","169",182.202376536896
"5","170",385.121514340528
"5","171",446.598788925227
"5","180",27.194753541114
"5","181",176.822545335379
"5","182",159.917212233268
"5","183",346.60206783354
"5","176",264.890283645433
"5","177",447.625553792021
"5","178",283.058967543743
"5","179",30.0323906119863
"5","188",445.598994295118
"5","189",263.831520492384
"5","190",310.548374848947
"5","191",220.964811427279
"5","184",289.782551404174
"5","185",584.342335396981
"5","186",195.091016347563
"5","187",371.32662884703
"5","132",307.350264880332
"5","133",748.309711896322
"5","134",581.289893318514
"5","135",19.6445315767735
"5","128",300.962364513525
"5","129",374.026787851245
"5","130",29.5009601600343
"5","131",430.064165847546
"5","140",212.902348104525
"5","141",381.654881689142
"5","142",281.629060617641
"5","143",29.9880612325435
"5","136",94.8729013060409
"5","137",289.109487337046
"5","138",24.1984581755228
"5","139",11.8562483176731
"5","148",379.707250009199
"5","149",309.626118049093
"5","150",370.625479960482
"5","151",636.608550047142
"5","144",613.671088859292
"5","145",254.864284754933
"5","146",573.545216001809
"5","147",541.833635986523
"5","156",271.366714159552
"5","157",587.504824409904
"5","158",578.086076768078
"5","159",9.78628924812769
"5","152",355.893859861946
"5","153",349.24741687072
"5","154",584.56415555496
"5","155",17.1839186998041
"5","196",734.519332142725
"5","192",24.6908704709219
"5","193",680.239418340369
"5","194",534.08566027419
"5","195",28.4681312681856
"5","36",17.8945431533428
"5","37",198.013375507097
"5","38",497.824315421366
"5","39",415.91520588828
"5","32",667.009136933561
"5","33",468.350963495818
"5","34",838.13490708644
"5","35",730.911560658879
"5","44",251.004851160742
"5","45",329.594741696545
"5","46",320.836910757542
"5","47",425.253230421225
"5","40",35.0571156386168
"5","41",281.453993730283
"5","42",101.472313880561
"5","43",420.897953280773
"5","52",285.129657160503
"5","53",555.516992913959
"5","54",245.26274675641
"5","55",12.8524214990116
"5","48",38.5782683495268
"5","49",29.4087598287354
"5","50",22.6711165141066
"5","51",427.773036529126
"5","60",192.367500396527
"5","61",768.459878304819
"5","62",470.458845098646
"5","63",249.721780428027
"5","56",365.738874646853
"5","57",260.447644865426
"5","58",663.452069298098
"5","59",128.094746771452
"5","4",788.468228488758
"5","6",99.1322587400087
"5","7",189.055825345134
"5","1",366.690518634773
"5","2",387.944778711684
"5","3",30.1938451633847
"5","12",279.912725666398
"5","13",287.335645958315
"5","14",466.554293171678
"5","15",441.43326449155
"5","8",397.293929439317
"5","9",22.8291322243409
"5","10",197.997765932003
"5","11",278.550826245331
"5","20",277.164654965378
"5","21",133.716733892435
"5","22",681.441900524727
"5","23",324.954581243013
"5","16",538.289240690389
"5","17",11.1957971583196
"5","18",234.956055445894
"5","19",524.96563103714
"5","28",584.963994384844
"5","29",446.556748856634
"5","30",810.501930848823
"5","31",577.937404800394
"5","24",346.065221383596
"5","25",610.302799471617
"5","26",689.514140309916
"5","27",505.163006268577
"5","100",393.762096930258
"5","101",164.789157123333
"5","102",23.277662756408
"5","103",173.428109880283
"5","96",356.913187056582
"5","97",13.9756780562182
"5","98",304.68831318716
"5","99",3.03323437540371
"5","108",7.75993842100854
"5","109",15.7669897074456
"5","110",325.656096222461
"5","111",534.95118305416
"5","104",391.318026466047
"5","105",299.343487828963
"5","106",306.268066556208
"5","107",83.3042536903893
"5","116",723.673443206833
"5","117",657.742319095158
"5","118",424.126153594531
"5","119",488.901460221537
"5","112",732.973835674871
"5","113",667.878097638585
"5","114",772.177094875002
"5","115",759.879185203838
"5","124",8.99314171294575
"5","125",503.249233914049
"5","126",338.031082716045
"5","127",416.549727322983
"5","120",527.234251216439
"5","121",638.79938374677
"5","122",199.096510739111
"5","123",172.755374684798
"5","68",457.822980812979
"5","69",311.94754365456
"5","70",851.528383705931
"5","71",170.032532112454
"5","64",740.610205667617
"5","65",574.109901998553
"5","66",3.3180220283184
"5","67",424.62403119691
"5","76",107.079208868011
"5","77",26.7826207681761
"5","78",28.3890890822093
"5","79",14.5957801474188
"5","72",103.77693820607
"5","73",304.673807993049
"5","74",281.370688527965
"5","75",20.9978116342378
"5","84",25.5746412942393
"5","85",187.605568570154
"5","86",334.91944989559
"5","87",18.4887106082825
"5","80",257.141615049534
"5","81",319.920133440207
"5","82",849.727354940334
"5","83",19.6033063188007
"5","92",291.295396338129
"5","93",6.04486159734111
"5","94",404.604869262745
"5","95",328.414537776361
"5","88",30.255301316401
"5","89",583.096903424568
"5","90",281.629060597494
"5","91",180.924088488921
"5","164",699.318826997517
"5","165",755.332600173161
"5","166",596.53807489512
"5","167",658.559313679263
"5","160",190.006629357106
"5","161",260.86125238185
"5","162",337.43256662292
"5","163",622.973767869536
"5","172",746.926200329096
"5","173",671.803977958465
"6","174",666.777697429332
"6","175",92.6315732475633
"6","168",474.199357180864
"6","169",196.464534551772
"6","170",289.008667445903
"6","171",358.059255132569
"6","180",89.2030100737618
"6","181",77.7259248652161
"6","182",252.734640352386
"6","183",247.4873608054
"6","176",166.396493252274
"6","177",357.485334694395
"6","178",300.829789364461
"6","179",105.00541202311
"6","188",356.136123782365
"6","189",171.597846088645
"6","190",283.320117387567
"6","191",309.171900177859
"6","184",304.215979080657
"6","185",526.156525408515
"6","186",111.438747312496
"6","187",469.919935716687
"6","132",406.481332601513
"6","133",719.963294258302
"6","134",527.464400304395
"6","135",79.529819769795
"6","128",399.985523677392
"6","129",277.748002657095
"6","130",107.866351587317
"6","131",360.792763130195
"6","140",288.000937581265
"6","141",284.864351045943
"6","142",214.411810835135
"6","143",98.5394981505783
"6","136",14.8372609501547
"6","137",304.640878835483
"6","138",85.6193498850296
"6","139",109.868034856122
"6","148",321.8116145751
"6","149",235.34730550654
"6","150",287.406458178411
"6","151",584.07161769336
"6","144",589.464430703708
"6","145",155.998859230955
"6","146",536.85918261957
"6","147",477.396878956488
"6","156",278.433452827259
"6","157",512.547533656265
"6","158",552.551374435062
"6","159",89.7385337300768
"6","152",256.912840618458
"6","153",250.133222735541
"6","154",561.581211320396
"6","155",113.165188773477
"6","196",707.756406991937
"6","192",114.132792582397
"6","193",632.530443551908
"6","194",513.57214508376
"6","195",92.0367245387755
"6","36",109.274879102338
"6","37",296.45877482012
"6","38",463.232083217425
"6","39",403.339018946745
"6","32",630.343029479903
"6","33",425.837610611009
"6","34",776.766579849623
"6","35",698.058664641939
"6","44",152.149989468149
"6","45",428.697877429263
"6","46",419.798942238378
"6","47",332.276457168514
"6","40",132.227788916842
"6","41",291.07150992446
"6","42",199.379440099138
"6","43",331.177761219756
"6","52",285.967824653991
"6","53",503.349309206378
"6","54",340.786015833124
"6","55",87.3271469221252
"6","48",133.270210764432
"6","49",95.2061724033799
"6","50",84.7652862448103
"6","51",335.923129809265
"6","60",290.781080874578
"6","61",742.119950376618
"6","62",395.55427032855
"6","63",260.629432912566
"6","56",266.611703451569
"6","57",161.702873878585
"6","58",625.893861667932
"6","59",78.4687702546958
"6","4",743.783114167344
"6","5",99.1322587401423
"6","7",288.068178958431
"6","1",268.189172937026
"6","2",291.445464119364
"6","3",101.854666875277
"6","12",298.212556901705
"6","13",386.420251205067
"6","14",449.999258715152
"6","15",352.958289101045
"6","8",300.829352076048
"6","9",114.821970420623
"6","10",297.021280104439
"6","11",299.327742028947
"6","20",284.660477301582
"6","21",232.613073677502
"6","22",655.002950369815
"6","23",226.229630265945
"6","16",474.281451352061
"6","17",106.285105581059
"6","18",280.848781253369
"6","19",444.597418277334
"6","28",559.699405550641
"6","29",413.276519320001
"6","30",756.632984237208
"6","31",528.108929776492
"6","24",247.178947883635
"6","25",563.378433963153
"6","26",643.486776565521
"6","27",447.267518110461
"6","100",383.897274089379
"6","101",66.7025471966345
"6","102",77.8639179375128
"6","103",210.666536744129
"6","96",257.862381830825
"6","97",86.2349525702068
"6","98",317.226608752384
"6","99",102.126330107487
"6","108",106.180718904388
"6","109",85.5472185062412
"6","110",226.523838096576
"6","111",454.41402726485
"6","104",294.70344745164
"6","105",398.432549759005
"6","106",405.38151430982
"6","107",112.206795135182
"6","116",666.911550638359
"6","117",587.668845171877
"6","118",333.635568894686
"6","119",458.723475724239
"6","112",700.965475350297
"6","113",641.725846907409
"6","114",744.386185006595
"6","115",732.147724299538
"6","124",107.587376182498
"6","125",434.641349936703
"6","126",294.361138253542
"6","127",329.571466264651
"6","120",499.258886739397
"6","121",601.115446581242
"6","122",297.116257187554
"6","123",74.0468842988389
"6","68",370.21971501008
"6","69",252.981277456485
"6","70",790.083159796255
"6","71",205.53792176309
"6","64",710.45275713423
"6","65",540.869015396287
"6","66",95.8185440040833
"6","67",404.615326241466
"6","76",204.594569813667
"6","77",112.845660859076
"6","78",110.719227178508
"6","79",111.745011350696
"6","72",183.588495694482
"6","73",403.795900364356
"6","74",293.631286150361
"6","75",84.3471673850784
"6","84",86.8889315882121
"6","85",216.062322311888
"6","86",239.580144191099
"6","87",84.5282139056698
"6","80",198.717550097517
"6","81",220.888095740515
"6","82",788.631568711079
"6","83",114.096498370162
"6","92",240.205272530767
"6","93",104.98172630274
"6","94",314.073915698475
"6","95",229.421913518642
"6","88",73.6254179357749
"6","89",558.937011231431
"6","90",214.411810815185
"6","91",204.760377353679
"6","164",652.650119993818
"6","165",690.587007544621
"6","166",539.638578419219
"6","167",620.734207609476
"6","160",288.79395536825
"6","161",269.415151823835
"6","162",238.617089175797
"6","163",561.634727086453
"6","172",718.310731732197
"6","173",612.952967130814
"7","174",820.99281358974
"7","175",195.492081569491
"7","168",638.932219645819
"7","169",285.509905264724
"7","170",572.695517065681
"7","171",627.407389861043
"7","180",202.245242737399
"7","181",365.596861601184
"7","182",93.4172176210289
"7","183",535.534989479192
"7","176",452.695287525915
"7","177",629.906311416641
"7","178",348.302695133345
"7","179",188.123318172354
"7","188",627.276630285185
"7","189",449.766446348137
"7","190",433.740128356744
"7","191",130.330932509543
"7","184",358.818939406659
"7","185",727.44830070726
"7","186",378.295037318286
"7","187",182.88821242453
"7","132",119.3708654176
"7","133",842.467321879849
"7","134",718.743592293828
"7","135",208.573697233367
"7","128",115.2060799041
"7","129",561.747380922215
"7","130",184.822346934711
"7","131",591.717985637329
"7","140",178.455378255756
"7","141",569.692465711508
"7","142",448.70199971477
"7","143",194.674785461731
"7","136",282.571500606402
"7","137",356.529106468443
"7","138",204.375049056128
"7","139",178.206369867091
"7","148",531.421767471099
"7","149",481.089060329009
"7","150",547.823370664145
"7","151",770.478105976389
"7","144",706.98134591906
"7","145",443.163214686692
"7","146",687.559072459477
"7","147",694.188598074594
"7","156",356.20525925635
"7","157",751.532943131971
"7","158",675.334806639128
"7","159",198.337173102575
"7","152",544.93793125628
"7","153",538.181407729048
"7","154",677.534464249755
"7","155",175.172771351816
"7","196",826.644981174474
"7","192",175.902365627876
"7","193",805.95550946411
"7","194",626.350373720677
"7","195",200.185341149741
"7","36",181.665574427234
"7","37",40.5903523695201
"7","38",613.05959206933
"7","39",506.263834982516
"7","32",776.975961708933
"7","33",596.13592585635
"7","34",979.845336290075
"7","35",832.75361666972
"7","44",439.297976549114
"7","45",140.781309484525
"7","46",131.790294627009
"7","47",610.207837261073
"7","40",156.297176677966
"7","41",360.03214495499
"7","42",95.8396341031737
"7","43",603.066824890853
"7","52",375.885436615449
"7","53",691.726556931248
"7","54",99.0421905605664
"7","55",200.754724072328
"7","48",156.474335164848
"7","49",197.630295630229
"7","50",204.678857239768
"7","51",611.748056509267
"7","60",39.9223068297651
"7","61",858.716581861033
"7","62",636.968948164155
"7","63",334.548377456604
"7","56",554.625702458841
"7","57",448.572941257285
"7","58",774.887514079227
"7","59",303.596671035155
"7","4",906.71308922542
"7","5",189.055825345084
"7","6",288.068178958624
"7","1",555.66668576301
"7","2",575.774770271573
"7","3",191.457647419107
"7","12",345.085249643197
"7","13",98.4491995861213
"7","14",557.955455842514
"7","15",622.240460913985
"7","8",585.076412626529
"7","9",174.519106417066
"7","10",8.9653500301172
"7","11",339.957802690059
"7","20",359.971834458236
"7","21",55.5486601474892
"7","22",775.12077987164
"7","23",512.899927431801
"7","16",690.224516622484
"7","17",183.067066509555
"7","18",264.08398120987
"7","19",696.310611669324
"7","28",681.421462341951
"7","29",563.529331069828
"7","30",941.87473302088
"7","31",710.140485819832
"7","24",534.237275081238
"7","25",737.27716449892
"7","26",812.515556828693
"7","27",650.713551313381
"7","100",482.604546927446
"7","101",352.817583600364
"7","102",210.449969247843
"7","103",247.477542865494
"7","96",545.40928323589
"7","97",202.423789001205
"7","98",373.40105378879
"7","99",186.038792439035
"7","108",182.316387921139
"7","109",202.65579537405
"7","110",514.492050665233
"7","111",706.319307698325
"7","104",579.217173235202
"7","105",110.469956527958
"7","106",118.906381073145
"7","107",229.088348119818
"7","116",861.077723545728
"7","117",814.418061460538
"7","118",606.944641802259
"7","119",598.507854006573
"7","112",833.429863878494
"7","113",761.681677812699
"7","114",864.641037374764
"7","115",852.659550328164
"7","124",180.489686797289
"7","125",661.757421587039
"7","126",477.198311016928
"7","127",596.296661969318
"7","120",631.138648276336
"7","121",751.382349157287
"7","122",48.3097622989249
"7","123",361.148552996108
"7","68",637.613526134238
"7","69",469.363436556258
"7","70",993.135211095876
"7","71",248.71048753184
"7","64",837.900764023596
"7","65",683.087628423711
"7","66",192.353840911515
"7","67",524.967692387246
"7","76",93.1078872397258
"7","77",178.132908739522
"7","78",181.19010400785
"7","79",176.405094657807
"7","72",152.955434910469
"7","73",116.104419772562
"7","74",355.875482623727
"7","75",204.625877826448
"7","84",203.710198260812
"7","85",268.475528897317
"7","86",522.171661640606
"7","87",203.962335670321
"7","80",418.800672858337
"7","81",508.404413666488
"7","82",990.861209959057
"7","83",174.564387484567
"7","92",442.86282603637
"7","93",183.137638088185
"7","94",587.651751194097
"7","95",516.808034236415
"7","88",215.564003537176
"7","89",677.963466275529
"7","90",448.701999695828
"7","91",271.723282066981
"7","164",822.952875864437
"7","165",903.171295286455
"7","166",737.566542523939
"7","167",770.577955022182
"7","160",8.05262811576056
"7","161",346.147285468572
"7","162",525.497043354637
"7","163",769.094194944712
"7","172",841.559274906031
"7","173",813.342449521433
"8","174",549.795300672575
"8","175",391.136598745744
"8","168",391.489287157707
"8","169",380.611280645814
"8","170",13.0304417313624
"8","171",101.875030913627
"8","180",390.032196539855
"8","181",227.991393706323
"8","182",532.93178462002
"8","183",85.5166821479227
"8","176",162.542126341304
"8","177",90.558771622737
"8","178",441.643841840504
"8","179",405.816212327578
"8","188",94.3642308841385
"8","189",137.117694610171
"8","190",327.68984880424
"8","191",576.858539094316
"8","184",436.761590417219
"8","185",368.386652317353
"8","186",210.344142807888
"8","187",767.9376742774
"8","132",700.920502759825
"8","133",635.642435096507
"8","134",385.998948699399
"8","135",378.345494698922
"8","128",692.659110326498
"8","129",23.3414956761323
"8","130",408.694504351414
"8","131",210.762873562676
"8","140",535.505956749941
"8","141",16.5740336649325
"8","142",198.021262566265
"8","143",399.318928879575
"8","136",309.820852538387
"8","137",439.33522722373
"8","138",386.36696248148
"8","139",408.759458357076
"8","148",243.06389545439
"8","149",167.119080978937
"8","150",116.026119093706
"8","151",436.552406276944
"8","144",537.513470422398
"8","145",164.464688486854
"8","146",454.37815299197
"8","147",305.932112782262
"8","156",406.454027808411
"8","157",289.093803543279
"8","158",503.424375189994
"8","159",388.602149965377
"8","152",71.3938223391976
"8","153",84.1132216768056
"8","154",518.75647144376
"8","155",412.748406986826
"8","196",630.009375728303
"8","192",414.675730184777
"8","193",494.681018045288
"8","194",488.753680424462
"8","195",392.849346644299
"8","36",403.418513254425
"8","37",587.422894223821
"8","38",406.48077798499
"8","39",433.085413267755
"8","32",530.750348175923
"8","33",354.159512640587
"8","34",576.036718069651
"8","35",601.727395512425
"8","44",167.641011146408
"8","45",724.159591769571
"8","46",716.520891576956
"8","47",52.982996988259
"8","40",431.780106848266
"8","41",418.819700967327
"8","42",491.592831637839
"8","43",78.9158031042721
"8","52",397.060875899505
"8","53",373.622442512988
"8","54",622.029506666204
"8","55",386.620678610111
"8","48",433.527106968886
"8","49",395.995452477932
"8","50",385.402474436271
"8","51",64.3865969353649
"8","60",581.748666275501
"8","61",661.713338725963
"8","62",202.535346304539
"8","63",404.79353408338
"8","56",79.9873439632678
"8","57",162.18006830266
"8","58",523.990083838242
"8","59",287.967458042425
"8","4",602.853211036782
"8","5",397.293929439347
"8","6",300.829352076107
"8","7",585.07641262674
"8","1",50.5020725225597
"8","2",9.38616954699889
"8","3",402.64375011041
"8","12",441.111837881849
"8","13",682.338963820063
"8","14",453.678881482038
"8","15",99.2537108386381
"8","9",415.127882045595
"8","10",593.915098469831
"8","11",446.843545643228
"8","20",410.741925666243
"8","21",530.39773055332
"8","22",585.332869791866
"8","23",122.894717447491
"8","16",305.395061465931
"8","17",402.27596224975
"8","18",481.334594710352
"8","19",209.607847655362
"8","28",509.994603749063
"8","29",377.171554106101
"8","30",583.240616268491
"8","31",401.312283017802
"8","24",109.354703739736
"8","25",439.842798511046
"8","26",509.946817787644
"8","27",310.995183244464
"8","100",427.87634158332
"8","101",244.276204046252
"8","102",377.901245278425
"8","103",422.034188781149
"8","96",97.5011428951117
"8","97",383.516219673113
"8","98",440.702780952477
"8","99",400.324936886955
"8","108",403.501504744789
"8","109",385.287880926873
"8","110",101.864768138363
"8","111",216.499494801339
"8","104",6.47001581063228
"8","105",694.238180350649
"8","106",699.220895708413
"8","107",368.170726624518
"8","116",492.443549350011
"8","117",373.237869087294
"8","118",74.0258560580284
"8","119",417.759849327266
"8","112",607.040907673193
"8","113",574.939946706697
"8","114",659.069628286508
"8","115",648.394852237274
"8","124",406.173287888459
"8","125",257.42265156121
"8","126",283.62907630596
"8","127",98.5535352294651
"8","120",454.357373305269
"8","121",502.835679022202
"8","122",586.590542308916
"8","123",234.755275596057
"8","68",115.775840071872
"8","69",224.002361642958
"8","70",588.152832163944
"8","71",416.650124303442
"8","64",621.402379783002
"8","65",469.076625937731
"8","66",394.081462363988
"8","67",412.571600777588
"8","76",495.808857569306
"8","77",413.572806260627
"8","78",411.53265229552
"8","79",410.978551430834
"8","72",455.347642232776
"8","73",699.010218391404
"8","74",425.861612665662
"8","75",384.816182451996
"8","84",387.696663324338
"8","85",411.960954773229
"8","86",63.4438976767862
"8","87",384.674813452445
"8","80",228.442540926481
"8","81",114.979090587593
"8","82",587.992433807727
"8","83",414.011816970617
"8","92",248.721273165306
"8","93",403.3278028353
"8","94",66.3947770035338
"8","95",112.287989832078
"8","88",374.279034590223
"8","89",512.904859472304
"8","90",198.021262571169
"8","91",399.101239255487
"8","164",515.612746890728
"8","165",485.009791814556
"8","166",384.040554441327
"8","167",518.743102144913
"8","160",586.672810866582
"8","161",404.715609227104
"8","162",114.998454974778
"8","163",384.988112098634
"8","172",633.316331220538
"8","173",437.761661382147
"9","174",729.45872341657
"9","175",26.709127669645
"9","168",538.044152309659
"9","169",201.971911438268
"9","170",403.127464751018
"9","171",466.967895174799
"9","180",28.1133875578726
"9","181",191.658026797642
"9","182",156.491750462298
"9","183",361.612634112777
"9","176",278.187757505396
"9","177",467.648076318327
"9","178",301.059780331992
"9","179",17.6873342735173
"9","188",465.772499574684
"9","189",283.029386839296
"9","190",332.761543904172
"9","191",219.651245919621
"9","184",308.197880630712
"9","185",607.166734212456
"9","186",215.565493869133
"9","187",355.398315457577
"9","132",293.69252100982
"9","133",769.992779568836
"9","134",604.109345670442
"9","135",37.7767381975573
"9","128",288.239627945351
"9","129",391.942856045894
"9","130",14.8300651667316
"9","131",452.531971946434
"9","140",218.041165790985
"9","141",399.301007412457
"9","142",304.008318489086
"9","143",22.707735153143
"9","136",108.227969836484
"9","137",307.377115422563
"9","138",29.8574991829605
"9","139",13.0328082590838
"9","148",402.50117052727
"9","149",331.60565480031
"9","150",391.781698409172
"9","151",659.409023248826
"9","144",635.155377974213
"9","145",268.766170194506
"9","146",595.862647320119
"9","147",564.548207656023
"9","156",290.888848203311
"9","157",609.71706065865
"9","158",599.709964337906
"9","159",28.1751715500884
"9","152",371.409494673732
"9","153",364.25917943161
"9","154",605.985638770415
"9","155",7.24892613266291
"9","196",756.094120361039
"9","192",3.39573359405933
"9","193",702.935313020236
"9","194",555.376677851339
"9","195",26.6230109791178
"9","36",33.6459279031232
"9","37",187.451283533176
"9","38",520.100608208021
"9","39",436.765663030665
"9","32",689.266169811992
"9","33",490.979643748908
"9","34",860.948149195645
"9","35",752.911354304001
"9","44",264.901316967471
"9","45",315.285705267966
"9","46",305.835663059535
"9","47",444.496074190714
"9","40",18.6586607269009
"9","41",300.577578238591
"9","42",93.6909777704649
"9","43",440.988782117923
"9","52",305.247437751259
"9","53",578.323860117894
"9","54",238.251593985314
"9","55",29.2933266632308
"9","48",18.4485764545964
"9","49",24.8186435852256
"9","50",30.2659895831225
"9","51",447.345596009496
"9","60",181.921347644955
"9","61",789.978797457981
"9","62",492.602129498869
"9","63",268.980740968405
"9","56",380.605261402606
"9","57",274.119201548748
"9","58",685.757288864077
"9","59",150.391770116451
"9","4",811.039889382426
"9","5",22.8291322243537
"9","6",114.821970420677
"9","7",174.519106416937
"9","1",382.988913782073
"9","2",405.755041506991
"9","3",20.3204781793236
"9","12",297.865742175476
"9","13",272.949256155524
"9","14",487.633427806611
"9","15",461.810156186948
"9","8",415.127882045755
"9","10",183.482206310042
"9","11",296.145709539129
"9","20",296.586233853501
"9","21",118.993726194478
"9","22",703.033002825397
"9","23",338.396023769334
"9","16",561.014450907689
"9","17",27.7434730615797
"9","18",248.418124414265
"9","19",546.641872891899
"9","28",606.560129585409
"9","29",468.823890484653
"9","30",833.302941711648
"9","31",600.705581860575
"9","24",359.765711580954
"9","25",632.9966421361
"9","26",712.158484995725
"9","27",527.983095974159
"9","100",414.428032764126
"9","101",178.413311578046
"9","102",37.2339674215154
"9","103",189.926105584113
"9","96",371.044745171112
"9","97",35.6118089808233
"9","98",323.242433548562
"9","99",20.6690264492383
"9","108",22.3788802624482
"9","109",30.0549793510228
"9","110",340.425671661917
"9","111",556.615486227958
"9","104",409.067753658625
"9","105",284.968542295681
"9","106",292.928087771046
"9","107",104.553892372189
"9","116",746.501451987657
"9","117",680.279551060147
"9","118",444.042471999999
"9","119",510.942915337824
"9","112",754.918515053923
"9","113",689.459087835639
"9","114",793.803884577861
"9","115",781.509425416472
"9","124",15.746809636615
"9","125",525.795604634464
"9","126",360.784354870772
"9","127",437.182753561857
"9","120",549.088908560238
"9","121",661.124623172637
"9","122",189.34992675014
"9","123",186.887206959662
"9","68",478.386124553917
"9","69",334.681078565679
"9","70",874.341456178799
"9","71",186.933721777997
"9","64",762.426549654027
"9","65",596.242546286187
"9","66",24.9210633508418
"9","67",446.078575632371
"9","76",99.8281397756433
"9","77",7.36622759908971
"9","78",11.1959329783708
"9","79",10.190045785687
"9","72",110.662931836955
"9","73",290.610445434039
"9","74",300.153256646186
"9","75",30.484089189457
"9","84",29.2508071723291
"9","85",205.29769604328
"9","86",353.229565070252
"9","87",30.453801719691
"9","80",279.820455186012
"9","81",334.050645008016
"9","82",872.543798500633
"9","83",4.23442079590997
"9","92",314.121149064518
"9","93",18.3000331533258
"9","94",424.489851757814
"9","95",342.409379797539
"9","88",41.3232336148272
"9","89",604.611747760561
"9","90",304.008318468905
"9","91",199.458364779239
"9","164",721.980254039266
"9","165",778.080852210436
"9","166",619.367023258322
"9","167",680.880625242953
"9","160",174.707045092504
"9","161",280.299228261964
"9","162",351.007025191444
"9","163",645.77048296723
"9","172",768.62969304255
"9","173",694.628995460151
"10","174",826.578874578126
"10","175",204.438430099465
"10","168",645.114709190118
"10","169",292.120302545668
"10","170",581.523571750803
"10","171",635.916423515352
"10","180",211.200817438331
"10","181",374.556530987017
"10","182",97.9599997951256
"10","183",544.491426372339
"10","176",461.659782885486
"10","177",638.478626345636
"10","178",353.070694139756
"10","179",197.057503478054
"10","188",635.823188839367
"10","189",458.533408496418
"10","190",440.31306173914
"10","191",130.686386830289
"10","184",363.671030563599
"10","185",734.348396157276
"10","186",386.984687730871
"10","187",174.091089274228
"10","132",110.451653620782
"10","133",847.170547262112
"10","134",725.416251984669
"10","135",217.522124853942
"10","128",106.49642001265
"10","129",570.584156176496
"10","130",193.75870182627
"10","131",599.472544159355
"10","140",180.986802555743
"10","141",578.54662095549
"10","142",456.788711476765
"10","143",203.612911052748
"10","136",291.53675148342
"10","137",361.3310243016
"10","138",213.338440073675
"10","139",187.161919259868
"10","148",538.854954066809
"10","149",489.300368433898
"10","150",556.210566483854
"10","151",776.957565552508
"10","144",711.806103042381
"10","145",452.128398478075
"10","146",693.288515322681
"10","147",701.494873907605
"10","156",361.685602885434
"10","157",759.29106970859
"10","158",680.373671958981
"10","159",207.288124514794
"10","152",553.884676758088
"10","153",547.137809071064
"10","154",682.387606035674
"10","155",184.136690213301
"10","196",831.274726865967
"10","192",184.860660262168
"10","193",812.060006741567
"10","194",631.258083733589
"10","195",209.134825835144
"10","36",190.519108013992
"10","37",39.8558750609743
"10","38",618.944054167542
"10","39",511.359644830793
"10","32",782.432293707755
"10","33",602.552992448766
"10","34",986.538519242431
"10","35",837.803022015676
"10","44",448.263162392121
"10","45",131.816019517322
"10","46",122.863332752526
"10","47",618.903552918437
"10","40",165.262519237082
"10","41",365.250953769624
"10","42",104.239931217049
"10","43",611.640046299715
"10","52",381.483264878733
"10","53",698.372478619918
"10","54",95.2801042646739
"10","55",209.710734951809
"10","48",165.430635571693
"10","49",206.573615609618
"10","50",213.643814178921
"10","51",620.398920538961
"10","60",40.4587836645577
"10","61",863.231950994039
"10","62",644.886253470429
"10","63",340.161459265949
"10","56",563.58412174534
"10","57",457.5382803379
"10","58",780.409006799617
"10","59",312.136175587198
"10","4",912.418711174444
"10","5",197.997765931938
"10","6",297.02128010453
"10","7",8.96535003040022
"10","1",564.590084051302
"10","2",584.616693149491
"10","3",200.392514874489
"10","12",349.871880257512
"10","13",89.4838626589047
"10","14",562.964879095723
"10","15",630.750703367144
"10","8",593.915098469854
"10","9",183.482206309952
"10","11",344.62899026155
"10","20",365.353389400668
"10","21",64.5140068233096
"10","22",779.874780265676
"10","23",521.864616137818
"10","16",697.516457785088
"10","17",191.965905969966
"10","18",268.13452057387
"10","19",704.398769373898
"10","28",686.417625056325
"10","29",569.567527522263
"10","30",948.1328611768
"10","31",716.603076248749
"10","24",543.202560821985
"10","25",743.495369216959
"10","26",818.498459974597
"10","27",657.778814431105
"10","100",487.708353338105
"10","101",361.782898859696
"10","102",219.411952901703
"10","103",253.496654416048
"10","96",554.374025535376
"10","97",211.350577824889
"10","98",378.15415365434
"10","99",194.98179370793
"10","108",191.243451823488
"10","109",211.61640991509
"10","110",523.451815189291
"10","111",714.404680551158
"10","104",588.062806526851
"10","105",101.504619906879
"10","106",110.038028228505
"10","107",237.278355229203
"10","116",867.644728346309
"10","117",821.835796629819
"10","118",615.545201529796
"10","119",604.186079813914
"10","112",838.418062155065
"10","113",766.456951235838
"10","114",869.248331302172
"10","115",857.29221042238
"10","124",189.440099347356
"10","125",669.336634103297
"10","126",484.250667742693
"10","127",604.769265926772
"10","120",636.526621008325
"10","121",756.977362793498
"10","122",47.7125369840489
"10","123",370.112767379453
"10","68",646.076431677621
"10","69",477.085976773693
"10","70",999.818074707268
"10","71",254.873626470469
"10","64",842.746046296982
"10","65",688.611479899614
"10","66",201.296955733984
"10","67",530.420059614418
"10","76",101.311438524963
"10","77",187.083213864391
"10","78",190.132361416093
"10","79",185.365482534682
"10","72",160.162507339914
"10","73",107.147778275007
"10","74",360.960921913055
"10","75",213.591204553216
"10","84",212.670906450895
"10","85",274.491362932318
"10","86",530.987390517598
"10","87",212.926252930247
"10","80",426.742841140525
"10","81",517.369096353222
"10","82",997.524181603895
"10","83",183.529730461645
"10","92",450.421602664536
"10","93",192.083605699716
"10","94",596.266275450297
"10","95",525.773151569482
"10","88",224.52934092955
"10","89",682.896938951835
"10","90",456.788711457885
"10","91",278.044813147085
"10","164",828.954492200935
"10","165",910.167116275217
"10","166",744.372331799177
"10","167",776.128825265864
"10","160",11.9107110925081
"10","161",351.704165790815
"10","162",534.462107665856
"10","163",776.090440429729
"10","172",846.284299511661
"10","173",820.116212070867
"11","174",486.023400076542
"11","175",279.930991070071
"11","168",315.855092360644
"11","169",103.040213196297
"11","170",434.426479013286
"11","171",431.353892887883
"11","180",303.09516968073
"11","181",338.368247080453
"11","182",246.678999101678
"11","183",449.749335957921
"11","176",408.405774713632
"11","177",441.077021854654
"11","178",9.47725683500189
"11","179",308.475008635578
"11","188",435.662903357556
"11","189",330.887782052222
"11","190",142.151336362566
"11","191",237.000556795586
"11","184",20.7203405229196
"11","185",421.964800268749
"11","186",276.159035575106
"11","187",481.227302314238
"11","132",405.380755123787
"11","133",502.543278691579
"11","134",406.302844953246
"11","135",281.155531066455
"11","128",390.5170290005
"11","129",427.57987568677
"11","130",307.517067727256
"11","131",336.882571742669
"11","140",175.011569740269
"11","141",438.013160951971
"11","142",249.520033634262
"11","143",308.302089274332
"11","136",310.441389954183
"11","137",17.6931810112319
"11","138",298.062283440815
"11","139",283.629292826505
"11","148",265.433662979718
"11","149",283.303877364474
"11","150",351.747713392746
"11","151",451.545934510772
"11","144",367.246093720188
"11","145",395.319210648911
"11","146",355.214184723749
"11","147",406.18627485042
"11","156",41.8602874113929
"11","157",483.145903507123
"11","158",336.393011021417
"11","159",281.685704690512
"11","152",450.302468597297
"11","153",451.774655442375
"11","154",337.87579310637
"11","155",288.930055384281
"11","196",486.687575467199
"11","192",299.29477284698
"11","193",478.513260160627
"11","194",286.885999942031
"11","195",305.408214150842
"11","36",262.901586522419
"11","37",310.881157510108
"11","38",284.345863591774
"11","39",168.185260305961
"11","32",440.848713673717
"11","33",280.712919627806
"11","34",663.178334668811
"11","35",493.727618688408
"11","44",392.726181831025
"11","45",429.012694172439
"11","46",430.646392269831
"11","47",441.383189223008
"11","40",292.45659020223
"11","41",32.8646433281399
"11","42",270.77578876543
"11","43",418.411427692454
"11","52",58.2146235703187
"11","53",379.336264293404
"11","54",299.403852430534
"11","55",284.028541612961
"11","48",299.877519489531
"11","49",307.174026021383
"11","50",295.703617056032
"11","51",436.071926253311
"11","60",307.560854624098
"11","61",518.810248826623
"11","62",387.754171917942
"11","63",43.9035406928422
"11","56",466.513174288748
"11","57",401.526945675201
"11","58",439.416113378274
"11","59",229.260355021762
"11","4",572.764762398599
"11","5",278.550826245275
"11","6",299.327742028982
"11","7",339.957802690065
"11","1",447.678142823448
"11","2",440.024948291125
"11","3",308.738402265845
"11","12",7.36282509021008
"11","13",399.487534416538
"11","14",219.056439775854
"11","15",427.065065613942
"11","8",446.843545643183
"11","9",296.14570953906
"11","10",344.628990261578
"11","20",39.4043583821398
"11","21",315.136764766038
"11","22",435.252319219237
"11","23",451.636531646056
"11","16",401.803897874829
"11","17",269.456400844044
"11","18",79.856565463741
"11","19",453.596344205898
"11","28",342.270706375351
"11","29",239.453569191453
"11","30",616.053263897469
"11","31",392.096892065563
"11","24",465.196371187666
"11","25",412.94685914222
"11","26",482.92850177248
"11","27",354.917531841719
"11","100",144.782452414102
"11","101",341.742571887174
"11","102",288.566538409423
"11","103",107.010106632129
"11","96",468.682967208822
"11","97",274.369961486825
"11","98",33.7068839176405
"11","99",278.941707386604
"11","108",275.004014470526
"11","109",286.843881233127
"11","110",436.789274105951
"11","111",462.529715461789
"11","104",443.675786550739
"11","105",407.792577374564
"11","106",401.046667159071
"11","107",200.318610377485
"11","116",542.793785099294
"11","117",525.89523480862
"11","118",425.184535437518
"11","119",266.489665021836
"11","112",494.153169399984
"11","113",421.845462460055
"11","114",524.68390608911
"11","115",512.702554832486
"11","124",281.537276817339
"11","125",389.490157870231
"11","126",199.859714986409
"11","127",400.798663610682
"11","120",295.002267048569
"11","121",416.827182747989
"11","122",304.481465102929
"11","123",342.105897471885
"11","68",435.00372030342
"11","69",235.051263251687
"11","70",676.063237918731
"11","71",109.429460987788
"11","64",498.194063145905
"11","65",348.109896821111
"11","66",278.86721110754
"11","67",190.765645459524
"11","76",268.295415316942
"11","77",302.733439971527
"11","78",305.525923097056
"11","79",286.131012452835
"11","72",205.858787665533
"11","73",408.063555392554
"11","74",25.1443502319058
"11","75",293.277481143897
"11","84",300.30926205644
"11","85",90.9529327495231
"11","86",392.139352817919
"11","87",289.97361039596
"11","80",218.413138044404
"11","81",440.022594460142
"11","82",673.321694184372
"11","83",291.912485199774
"11","92",204.924074501402
"11","93",279.95009666996
"11","94",410.948080664276
"11","95",448.069602782767
"11","88",294.731960829209
"11","89",338.56034607044
"11","90",249.520033627181
"11","91",98.4657664486269
"11","164",493.584273738585
"11","165",596.280529312079
"11","166",428.644948871211
"11","167",435.435689962221
"11","160",346.994113132782
"11","161",42.1281222546697
"11","162",459.857762476
"11","163",465.53536755494
"11","172",501.655355363725
"11","173",501.481184106483
"12","174",479.901000297932
"12","175",281.125475725185
"12","168",308.957001271568
"12","169",102.443999781219
"12","170",428.737420440095
"12","171",424.715252250556
"12","180",304.157384720189
"12","181",335.735864576453
"12","182",251.912411312952
"12","183",445.00500531705
"12","176",404.76191125589
"12","177",434.52355342443
"12","178",3.32087980133382
"12","179",309.890523776123
"12","188",429.07994702234
"12","189",326.154408213398
"12","190",134.928481145547
"12","191",243.397225611464
"12","184",14.1048617817918
"12","185",414.752216200057
"12","186",272.410612266498
"12","187",487.630585863125
"12","132",411.719281465088
"12","133",497.388103635581
"12","134",399.194181200137
"12","135",282.011163814627
"12","128",396.912304179109
"12","129",421.992216663848
"12","130",309.007839913957
"12","131",329.678414968781
"12","140",181.409539232218
"12","141",432.432331802126
"12","142",243.581177462188
"12","143",309.562163605285
"12","136",309.558618734823
"12","137",11.4743097043782
"12","138",299.05774735352
"12","139",285.26354719911
"12","148",258.220589787034
"12","149",277.160782033709
"12","150",345.324222215794
"12","151",444.614897963069
"12","144",361.934314553853
"12","145",391.689548828743
"12","146",348.813599491377
"12","147",398.834497284908
"12","156",35.2658344654387
"12","157",475.790946871588
"12","158",330.788559497404
"12","159",282.806919099287
"12","152",445.380534366942
"12","153",447.008801815326
"12","154",332.520025472296
"12","155",290.635305527736
"12","196",481.619910751009
"12","192",300.983418840844
"12","193",471.903366714931
"12","194",281.434881705471
"12","195",306.52745925566
"12","36",264.499664698586
"12","37",316.448907746062
"12","38",277.659256314713
"12","39",162.272925071206
"12","32",434.827000215167
"12","33",273.569062659752
"12","34",656.270869832141
"12","35",488.177020348345
"12","44",389.143780610378
"12","45",435.411570348736
"12","46",436.91132580376
"12","47",435.141452411798
"12","40",294.617610636548
"12","41",25.5988346578029
"12","42",274.656148365836
"12","43",411.975603247978
"12","52",50.9637011318977
"12","53",372.210168291366
"12","54",305.800975713534
"12","55",285.08909585775
"12","48",302.025772870669
"12","49",308.360158588752
"12","50",296.685374877495
"12","51",429.733313757688
"12","60",313.056845991791
"12","61",513.873073149719
"12","62",380.546463925154
"12","63",40.0742737954003
"12","56",461.650223312446
"12","57",397.870432294889
"12","58",433.324472307076
"12","59",227.199306313735
"12","4",566.58253870245
"12","5",279.912725666225
"12","6",298.212556901691
"12","7",345.085249643222
"12","1",442.507479386502
"12","2",434.361902206284
"12","3",310.07599951019
"12","13",405.606054822049
"12","14",213.391401334983
"12","15",420.448331463096
"12","8",441.111837881729
"12","9",297.86574217523
"12","10",349.871880257496
"12","11",7.36282509026964
"12","20",32.3899932838598
"12","21",319.415565597527
"12","22",430.036484575858
"12","23",447.379325963557
"12","16",394.452618528761
"12","17",270.993024605581
"12","18",86.2896888432071
"12","19",446.388303159279
"12","28",336.725535693623
"12","29",232.503852276553
"12","30",609.426413185009
"12","31",385.106130816345
"12","24",460.716453170229
"12","25",406.169594387262
"12","26",476.428420292771
"12","27",347.585902968601
"12","100",138.780713066153
"12","101",339.460817460763
"12","102",289.386566132975
"12","103",109.556181400317
"12","96",464.034505422482
"12","97",275.383561324431
"12","98",28.3455717732976
"12","99",280.381275262903
"12","108",276.546629391807
"12","109",287.859093249381
"12","110",432.27046681512
"12","111",455.306989371793
"12","104",438.003654249615
"12","105",413.996814948777
"12","106",407.412672271631
"12","107",200.834620261271
"12","116",535.887513330291
"12","117",518.568291986758
"12","118",418.777062610502
"12","119",259.98727356615
"12","112",488.671069213373
"12","113",416.602746719681
"12","114",519.638572095545
"12","115",507.62895434785
"12","124",283.116137318794
"12","125",382.141933684265
"12","126",192.652929208881
"12","127",394.2385851566
"12","120",288.905242971892
"12","121",410.638789624723
"12","122",310.120115148021
"12","123",339.628165477805
"12","68",428.265414468912
"12","69",228.436744744205
"12","70",669.169784524095
"12","71",111.645560573867
"12","64",492.874719969944
"12","65",341.923650573515
"12","66",280.143370608071
"12","67",184.341144692855
"12","76",272.311505597128
"12","77",304.372911251445
"12","78",307.097880927217
"12","79",287.807873785443
"12","72",209.38382386751
"12","73",414.339244051606
"12","74",17.8392495614303
"12","75",294.254771366919
"12","84",301.327405969242
"12","85",92.5815411854652
"12","86",386.785505037933
"12","87",290.960783048609
"12","80",212.742796758286
"12","81",435.678508787225
"12","82",666.439651959945
"12","83",293.631321922578
"12","92",198.430135414237
"12","93",281.463196770631
"12","94",404.662012591851
"12","95",443.677282876507
"12","88",295.439478825385
"12","89",333.096487907518
"12","90",243.581177455443
"12","91",99.2378055628905
"12","164",487.077205182244
"12","165",589.155560578989
"12","166",421.486129197185
"12","167",429.310055634011
"12","160",352.060595900519
"12","161",36.67614479332
"12","162",455.471182616525
"12","163",458.317103167012
"12","172",496.474851869682
"12","173",494.408930235873
"13","174",885.49936396007
"13","175",293.803134708595
"13","168",710.188392442681
"13","169",363.755189478497
"13","170",669.86095382638
"13","171",721.495835573805
"13","180",300.613796943006
"13","181",464.000160391131
"13","182",164.649961365844
"13","183",633.906106768434
"13","176",551.134680284825
"13","177",724.602110913555
"13","178",408.585344191644
"13","179",286.328003057951
"13","188",721.72647122439
"13","189",546.4178782079
"13","190",510.022280176102
"13","191",163.879270924952
"13","184",419.706092316273
"13","185",805.544105773801
"13","186",474.311269168615
"13","187",88.1013192872863
"13","132",23.5239848694334
"13","133",897.805821971861
"13","134",794.5907834749
"13","135",306.897958968093
"13","128",29.7752420456957
"13","129",658.998222883136
"13","130",283.044954413153
"13","131",678.579040650939
"13","140",225.17311015717
"13","141",667.104996579087
"13","142",539.086290918483
"13","143",292.907654639976
"13","136",381.020338625159
"13","137",416.980540127172
"13","138",302.806691577007
"13","139",276.587619284007
"13","148",615.365993319925
"13","149",572.553701460379
"13","150",640.831125112029
"13","151",844.227395174438
"13","144",764.194250307085
"13","145",541.611591028571
"13","146",754.051763927051
"13","147",776.410872547953
"13","156",423.066940751966
"13","157",838.119155850692
"13","158",734.901928785318
"13","159",296.682042010924
"13","152",643.219941296715
"13","153",636.552148520131
"13","154",735.200590978377
"13","155",273.61319293373
"13","196",881.287258007881
"13","192",274.295086950436
"13","193",875.800148501255
"13","194",684.885511231368
"13","195",298.505876802944
"13","36",279.294897388256
"13","37",99.1017202624216
"13","38",681.476344349371
"13","39",567.618365535865
"13","32",840.317698976369
"13","33",669.917195729019
"13","34",1055.2924858491
"13","35",891.705326876575
"13","44",537.746367800675
"13","45",42.3364886726179
"13","46",34.8059752551904
"13","47",706.099750462351
"13","40",254.746373499587
"13","41",424.372432424398
"13","42",190.950868138171
"13","43",697.791138820921
"13","52",443.565030178031
"13","53",767.393897559065
"13","54",103.050764240418
"13","55",299.136969018215
"13","48",254.854405566553
"13","49",295.902891726773
"13","50",303.123889529034
"13","51",707.20990269181
"13","60",104.353881733052
"13","61",912.04321383455
"13","62",725.314139753146
"13","63",402.993978815945
"13","56",653.014510574914
"13","57",547.021725301811
"13","58",838.902514518218
"13","59",398.434002447791
"13","4",972.18255366824
"13","5",287.335645958018
"13","6",386.420251205085
"13","7",98.4491995858941
"13","1",653.731299781938
"13","2",673.070354162761
"13","3",289.666333606883
"13","12",405.606054822047
"13","14",618.007727168002
"13","15",716.34486297023
"13","8",682.338963820303
"13","9",272.94925615583
"13","10",89.483862659145
"13","11",399.487534416538
"13","20",425.846986086386
"13","21",153.997851089887
"13","22",831.270327332889
"13","23",611.341168689631
"13","16",772.314703427031
"13","17",281.030638058424
"13","18",319.841856659037
"13","19",786.232311029537
"13","28",740.520812880347
"13","29",633.750923381392
"13","30",1012.93525001194
"13","31",783.912144041971
"13","24",632.685240660001
"13","25",808.498145475029
"13","26",881.102418121236
"13","27",730.674480326258
"13","100",544.266635743056
"13","101",451.266728665208
"13","102",308.875880210863
"13","103",321.28932590712
"13","96",643.854221699047
"13","97",300.585506238142
"13","98",433.090004882207
"13","99",284.327231676298
"13","108",280.488819522543
"13","109",301.07194536895
"13","110",612.893553642419
"13","111",796.200639930395
"13","104",676.546936859584
"13","105",12.0207572932308
"13","106",25.6557937124271
"13","107",321.347483089627
"13","116",935.476425745696
"13","117",897.504484405237
"13","118",701.927886197054
"13","119",664.9527319966
"13","112",891.747985434023
"13","113",818.112474252564
"13","114",918.898830746946
"13","115",907.226935201403
"13","124",278.833515901814
"13","125",746.7466992064
"13","126",557.745450914537
"13","127",690.063289708593
"13","120",694.485748806067
"13","121",816.239292918316
"13","122",102.611037185071
"13","123",459.589638951551
"13","68",731.248315062831
"13","69",556.281684957047
"13","70",1068.45360919726
"13","71",323.738587221637
"13","64",894.726340216262
"13","65",747.526513976392
"13","66",290.641528231858
"13","67",589.68138359072
"13","76",187.096978215124
"13","77",276.464111615231
"13","78",279.459095225937
"13","79",274.820971374562
"13","72",238.779016927117
"13","73",18.2703754542513
"13","74",419.02550743367
"13","75",303.07506115318
"13","84",302.119873768768
"13","85",341.792111700691
"13","86",619.238074908367
"13","87",302.402346073363
"13","80",507.946185550119
"13","81",606.848910817177
"13","82",1065.9794828154
"13","83",273.013583349387
"13","92",528.355771504403
"13","93",281.448548152559
"13","94",682.782158246581
"13","95",615.255919910043
"13","88",314.013202886821
"13","89",736.44464754289
"13","90",539.086290900175
"13","91",347.662235078379
"13","164",891.69804796921
"13","165",981.841864187191
"13","166",814.690874870578
"13","167",834.909324246662
"13","160",98.5780879281001
"13","161",413.882400562832
"13","162",623.942357070452
"13","163",848.045537932219
"13","172",897.126987297488
"13","173",889.948882487878
"14","174",268.848597537191
"14","175",465.852338107144
"14","168",129.579086971857
"14","169",287.726074410337
"14","170",444.649322815431
"14","171",390.731875822923
"14","180",486.283971749472
"14","181",455.165730815041
"14","182",465.052074095695
"14","183",495.433304274791
"14","176",492.614881741347
"14","177",404.808161121457
"14","178",210.263935628922
"14","179",495.8826262844
"14","188",398.182995247144
"14","189",392.286145742096
"14","190",167.757748852108
"14","191",454.666009157861
"14","184",199.446302519825
"14","185",249.376582617497
"14","186",375.104734228041
"14","187",698.308491259569
"14","132",622.970211926961
"14","133",285.734368067843
"14","134",224.943122511962
"14","135",462.760492432778
"14","128",607.801300390129
"14","129",443.079275692132
"14","130",495.87927320417
"14","131",261.390639199164
"14","140",392.914265074575
"14","141",452.549175876316
"14","142",285.66812665493
"14","143",493.784697341578
"14","136",464.178526111184
"14","137",201.918428471742
"14","138",480.622735256665
"14","139",474.600763326096
"14","148",210.862983307969
"14","149",300.232228212598
"14","150",337.777094691848
"14","151",255.773156462691
"14","144",149.74395801392
"14","145",481.238971011161
"14","146",144.181531945098
"14","147",262.579768043272
"14","156",203.60535931909
"14","157",351.275399059834
"14","158",117.421637559616
"14","159",466.621069200728
"14","152",489.568998831639
"14","153",496.49813475196
"14","154",120.195754356588
"14","155",480.511685695102
"14","196",270.677860488783
"14","192",490.30688758094
"14","193",269.822988737854
"14","194",68.8218541595913
"14","195",489.226359515491
"14","36",454.31713397473
"14","37",529.840092814716
"14","38",91.1573306080875
"14","39",52.0239163011886
"14","32",222.973317947403
"14","33",124.724396259274
"14","34",461.481418389982
"14","35",274.846902484146
"14","44",480.212002030427
"14","45",646.205362465235
"14","46",648.578488825096
"14","47",423.554736602589
"14","40",488.937375010586
"14","41",198.240158604087
"14","42",482.638054193865
"14","43",392.523929046935
"14","52",185.612623058739
"14","53",202.080994889918
"14","54",516.880634307978
"14","55",468.093298963031
"14","48",496.003963873615
"14","49",491.76907379715
"14","50",478.199419271221
"14","51",413.490914205239
"14","60",526.431188096204
"14","61",303.897435825182
"14","62",301.42181978552
"14","63",226.055948996321
"14","56",506.321252970951
"14","57",486.068531214451
"14","58",222.135133178902
"14","59",371.581361451381
"14","4",355.901154188013
"14","5",466.554293171629
"14","6",449.999258715428
"14","7",557.955455842493
"14","1",477.867554776767
"14","2",450.732172404977
"14","3",495.172877317298
"14","12",213.391401334978
"14","13",618.007727167997
"14","15",388.508669748105
"14","8",453.678881482306
"14","9",487.633427806632
"14","10",562.964879095764
"14","11",219.056439775845
"14","20",199.132760900131
"14","21",529.205705211049
"14","22",218.196389666603
"14","23",513.425169823302
"14","16",258.52772666518
"14","17",459.894417748508
"14","18",298.236564558362
"14","19",357.785013412871
"14","28",123.466536267439
"14","29",82.4530652334864
"14","30",406.136335893144
"14","31",203.240471309131
"14","24",518.468467105541
"14","25",211.762975778335
"14","26",271.493614450349
"14","27",211.725558331195
"14","100",75.5984796216582
"14","101",465.894188058679
"14","102",469.317458471062
"14","103",314.586585349008
"14","96",515.894431202534
"14","97",458.333937129566
"14","98",185.350072594407
"14","99",467.846042158764
"14","108",465.273848749222
"14","109",470.198279961158
"14","110",491.496090694957
"14","111",363.551121747151
"14","104",453.551937382077
"14","105",626.008811384609
"14","106",618.48754506784
"14","107",383.266532199505
"14","116",343.030874440565
"14","117",363.779806673684
"14","118",400.043046779357
"14","119",67.7075615771348
"14","112",275.474783471999
"14","113",204.631510036842
"14","114",308.720196242214
"14","115",296.534789714653
"14","124",471.954897748593
"14","125",272.378843130155
"14","126",180.124489426093
"14","127",369.821996808339
"14","120",79.6127431182671
"14","121",200.759147955252
"14","122",523.500794930567
"14","123",461.958918654577
"14","68",386.863954180371
"14","69",243.492868588239
"14","70",473.667009130419
"14","71",314.834454174809
"14","64",280.271249625381
"14","65",132.878620959431
"14","66",465.829853417125
"14","67",46.5692620096338
"14","76",481.065506210255
"14","77",493.047244956279
"14","78",494.938393915737
"14","79",477.493623638284
"14","72",416.236425559972
"14","73",625.970355565978
"14","74",202.101181373273
"14","75",475.832798250108
"14","84",483.057382366759
"14","85",294.290237580201
"14","86",421.938497690329
"14","87",472.816995204156
"14","80",275.588111494276
"14","81",500.131120621892
"14","82",470.5227668694
"14","83",483.539575922403
"14","92",233.40606747847
"14","93",469.671237312611
"14","94",394.771002948182
"14","95",505.834928383714
"14","88",473.666366078448
"14","89",120.136820067247
"14","90",285.668126664233
"14","91",295.104505623702
"14","164",282.166571962763
"14","165",407.363121822926
"14","166",249.942102863751
"14","167",218.511099396109
"14","160",564.78165909894
"14","161",214.16757089476
"14","162",516.708593530297
"14","163",290.323303392501
"14","172",284.653944783927
"14","173",311.929047428348
"15","174",454.609464023665
"15","175",435.914882697288
"15","168",307.96891166386
"15","169",381.746722581994
"15","170",100.010885220458
"15","171",5.1733597844394
"15","180",439.802929019267
"15","181",290.4742620734
"15","182",558.112380930243
"15","183",181.591916648174
"15","176",245.530707534022
"15","177",16.3003022890995
"15","178",420.233351742909
"15","179",455.674775571117
"15","188",9.68700737293908
"15","189",181.918703549003
"15","190",291.991081973531
"15","191",593.283993559427
"15","184",413.193691971635
"15","185",271.498971936022
"15","186",246.34524068552
"15","187",803.879216310804
"15","132",732.860260135449
"15","133",543.693615456338
"15","134",290.8778780281
"15","135",424.040807941042
"15","128",722.851941378766
"15","129",107.939685804626
"15","130",458.157025404274
"15","131",129.210622259611
"15","140",544.508463714186
"15","141",110.455716720665
"15","142",186.325146259217
"15","143",449.58185690972
"15","136",364.621016110604
"15","137",416.176020299509
"15","138",435.292173596638
"15","139",453.275918436811
"15","148",182.295579073517
"15","149",150.323723342377
"15","150",78.30092397223
"15","151",339.532675621307
"15","144",453.876377957099
"15","145",243.707829947264
"15","146",367.537536371134
"15","147",208.972732489946
"15","156",385.225878448177
"15","157",190.868564150105
"15","158",421.740995023523
"15","159",433.895367290437
"15","152",168.223161892509
"15","153",180.647230190435
"15","154",437.848783143229
"15","155",458.106038363683
"15","196",539.187234866816
"15","192",462.035625089324
"15","193",397.84631964055
"15","194",413.6139134034
"15","195",442.929927196004
"15","36",443.852624611276
"15","37",618.312573373728
"15","38",328.462282021164
"15","39",377.368568321253
"15","32",438.389419636658
"15","33",276.598684464816
"15","34",477.822835278283
"15","35",508.537266536317
"15","44",246.091151153994
"15","45",756.958458513028
"15","46",751.089252421866
"15","47",47.5047508344792
"15","40",476.480876462832
"15","41",395.861836801277
"15","42",526.546248213733
"15","43",23.8784660378995
"15","52",371.598256715594
"15","53",280.903583993888
"15","54",644.739089920848
"15","55",432.525501093125
"15","48",479.590970050117
"15","49",446.242773537944
"15","50",433.880622116186
"15","51",35.3296722608629
"15","60",612.793759489084
"15","61",569.958967757464
"15","62",107.536680624731
"15","63",389.111613254399
"15","56",178.753740759226
"15","57",243.261183347948
"15","58",431.41322890232
"15","59",318.664392836777
"15","4",504.769491350184
"15","5",441.433264491538
"15","6",352.958289100955
"15","7",622.240460914027
"15","1",147.702244103751
"15","2",103.596214382695
"15","3",452.773440547752
"15","12",420.448331462785
"15","13",716.344862970084
"15","14",388.508669748239
"15","8",99.2537108387196
"15","9",461.810156186865
"15","10",630.750703367133
"15","11",427.065065614246
"15","20",388.29471326033
"15","21",569.804963363002
"15","22",496.810944127202
"15","23",217.564146778791
"15","16",208.819437270707
"15","17",444.18339307524
"15","18",476.173352281613
"15","19",111.435547920193
"15","28",427.902523799715
"15","29",307.527091704133
"15","30",483.987084991762
"15","31",308.05676762601
"15","24",206.825536350217
"15","25",345.940139770428
"15","26",413.371851157927
"15","27",220.362405614294
"15","100",377.042009419827
"15","101",307.89589853488
"15","102",425.240540796585
"15","103",426.67586705145
"15","96",195.865405397467
"15","97",427.473619340296
"15","98",413.72185827162
"15","99",444.371979267148
"15","108",446.522649428534
"15","109",431.871516611191
"15","110",194.253844120032
"15","111",119.065229945452
"15","104",103.735266082861
"15","105",727.914682875899
"15","106",730.522460805545
"15","107",395.128237377946
"15","116",393.24945817323
"15","117",274.99872369032
"15","118",25.859851624683
"15","119",343.070403514567
"15","112",514.115150872694
"15","113",487.205014673721
"15","114",566.620158019047
"15","115",556.334146346604
"15","124",450.414651027285
"15","125",161.636358728128
"15","126",238.407884129629
"15","127",27.175461046966
"15","120",376.168777775366
"15","121",411.359119691574
"15","122",616.267382652276
"15","123",298.439718069785
"15","68",18.5337765299292
"15","69",192.015367842138
"15","70",490.093895751646
"15","71",421.841126316358
"15","64",528.967032251176
"15","65",383.874913112585
"15","66",438.469391066541
"15","67",352.348903149336
"15","76",529.817857965233
"15","77",461.714163472011
"15","78",460.388827081572
"15","79",455.872759728698
"15","72",480.231176547443
"15","73",731.884874984414
"15","74",403.490525663381
"15","75",432.808487742638
"15","84",437.020448667665
"15","85",412.546231707959
"15","86",127.15776545316
"15","87",431.965677722194
"15","80",220.172434823489
"15","81",207.621081432478
"15","82",489.821450686874
"15","83",459.900261188544
"15","92",222.341532869571
"15","93",447.40943985475
"15","94",42.0243605790955
"15","95",206.782297200177
"15","88",423.142634030284
"15","89",431.516259852306
"15","90",186.325146273237
"15","91",400.876037272966
"15","164",418.600459328977
"15","165",386.756563463179
"15","166",287.070510569214
"15","167",426.26968264508
"15","160",625.013600636894
"15","161",386.123024529119
"15","162",211.448895339131
"15","163",286.164005432566
"15","172",541.302037905309
"15","173",338.69896711831
